,open_time,o,h,l,c,v,close_time,qav,num_trades,taker_base_vol,taker_quote_vol,ignore
2021-07-25 14:07:59.999,1627247220000,13.40100000,13.40100000,13.39800000,13.39900000,66.69200000,1627247279999,893.67584500,8,66.69200000,893.67584500,0
2021-07-25 14:08:59.999,1627247280000,13.39900000,13.40600000,13.39900000,13.40600000,16.05800000,1627247339999,215.18172000,5,15.25000000,204.34967200,0
2021-07-25 14:09:59.999,1627247340000,13.41800000,13.42900000,13.41600000,13.42500000,145.23400000,1627247399999,1949.67751800,8,7.98500000,107.16466200,0
2021-07-25 14:10:59.999,1627247400000,13.42100000,13.42100000,13.41400000,13.41400000,37.50700000,1627247459999,503.17396700,4,2.01100000,26.98963100,0
2021-07-25 14:11:59.999,1627247460000,13.41400000,13.42400000,13.41400000,13.42400000,246.79600000,1627247519999,3311.65331000,17,125.19900000,1679.78200400,0
2021-07-25 14:12:59.999,1627247520000,13.43100000,13.43100000,13.42600000,13.42600000,170.12400000,1627247579999,2284.33989100,6,21.23900000,285.26100900,0
2021-07-25 14:13:59.999,1627247580000,13.42100000,13.42400000,13.42100000,13.42400000,25.91600000,1627247639999,347.85476500,8,25.91600000,347.85476500,0
2021-07-25 14:14:59.999,1627247640000,13.41300000,13.41600000,13.41000000,13.41200000,306.68100000,1627247699999,4113.13757600,6,14.53700000,195.02839200,0
2021-07-25 14:15:59.999,1627247700000,13.41400000,13.41400000,13.41300000,13.41300000,52.08100000,1627247759999,698.60630800,4,52.08100000,698.60630800,0
2021-07-25 14:16:59.999,1627247760000,13.41100000,13.42300000,13.41100000,13.42300000,281.57900000,1627247819999,3776.71165000,12,281.57900000,3776.71165000,0
2021-07-25 14:17:59.999,1627247820000,13.43200000,13.44300000,13.41300000,13.42100000,1651.74100000,1627247879999,22179.98390900,69,96.59200000,1297.85079900,0
2021-07-25 14:18:59.999,1627247880000,13.42200000,13.42200000,13.41300000,13.41600000,295.01200000,1627247939999,3957.60201200,7,141.23200000,1894.56851100,0
2021-07-25 14:19:59.999,1627247940000,13.41200000,13.41300000,13.40400000,13.40600000,189.03200000,1627247999999,2534.26853900,13,172.74000000,2315.79337900,0
2021-07-25 14:20:59.999,1627248000000,13.40800000,13.41700000,13.39900000,13.39900000,322.18200000,1627248059999,4321.13277800,8,281.33400000,3773.73266700,0
2021-07-25 14:21:59.999,1627248060000,13.41700000,13.41900000,13.40900000,13.41900000,198.40900000,1627248119999,2662.08628100,4,180.00000000,2415.24000000,0
2021-07-25 14:22:59.999,1627248120000,13.42000000,13.45700000,13.42000000,13.45600000,1960.26300000,1627248179999,26332.79970000,61,1940.76300000,26070.47820000,0
2021-07-25 14:23:59.999,1627248180000,13.45800000,13.47500000,13.45000000,13.47500000,468.23900000,1627248239999,6300.04328200,53,91.29800000,1229.30497600,0
2021-07-25 14:24:59.999,1627248240000,13.47500000,13.49000000,13.47500000,13.48800000,95.64200000,1627248299999,1289.28958900,43,94.89300000,1279.18707700,0
2021-07-25 14:25:59.999,1627248300000,13.48300000,13.48300000,13.45900000,13.46700000,610.06400000,1627248359999,8222.01929800,13,371.98800000,5013.46129000,0
2021-07-25 14:26:59.999,1627248360000,13.46700000,13.46700000,13.46400000,13.46400000,259.04700000,1627248419999,3488.12079000,7,0.00000000,0.00000000,0
2021-07-25 14:27:59.999,1627248420000,13.46700000,13.46700000,13.45600000,13.45600000,42.52900000,1627248479999,572.37952500,7,0.00000000,0.00000000,0
2021-07-25 14:28:59.999,1627248480000,13.45400000,13.45700000,13.44900000,13.44900000,40.26600000,1627248539999,541.76665400,7,24.55900000,330.46746600,0
2021-07-25 14:29:59.999,1627248540000,13.45600000,13.47300000,13.44900000,13.47300000,61.39600000,1627248599999,826.38432300,6,48.49300000,652.84446400,0
2021-07-25 14:30:59.999,1627248600000,13.47000000,13.47000000,13.46800000,13.46800000,4.07600000,1627248659999,54.89965600,2,4.07600000,54.89965600,0
2021-07-25 14:31:59.999,1627248660000,13.45900000,13.45900000,13.45100000,13.45100000,84.17900000,1627248719999,1132.47283600,3,0.00000000,0.00000000,0
2021-07-25 14:32:59.999,1627248720000,13.45100000,13.45100000,13.43200000,13.43200000,32.66200000,1627248779999,438.86724600,7,15.00000000,201.51000000,0
2021-07-25 14:33:59.999,1627248780000,13.42500000,13.44700000,13.42200000,13.44500000,121.24800000,1627248839999,1628.65521300,10,59.76100000,802.92629200,0
2021-07-25 14:34:59.999,1627248840000,13.45600000,13.46300000,13.45600000,13.46300000,10.80700000,1627248899999,145.46620800,3,8.30700000,111.80870800,0
2021-07-25 14:35:59.999,1627248900000,13.47000000,13.47800000,13.46700000,13.47800000,16.27700000,1627248959999,219.33118400,5,12.93100000,174.27060200,0
2021-07-25 14:36:59.999,1627248960000,13.48000000,13.48000000,13.47300000,13.47300000,53.19300000,1627249019999,716.76604700,5,9.73300000,131.19979500,0
2021-07-25 14:37:59.999,1627249020000,13.47000000,13.47100000,13.47000000,13.47100000,19.19500000,1627249079999,258.57353800,2,16.88800000,227.49824800,0
2021-07-25 14:38:59.999,1627249080000,13.47300000,13.47300000,13.47000000,13.47100000,30.73300000,1627249139999,414.01390800,3,8.46600000,114.06241800,0
2021-07-25 14:39:59.999,1627249140000,13.47700000,13.47700000,13.47700000,13.47700000,39.32300000,1627249199999,529.95607100,1,39.32300000,529.95607100,0
2021-07-25 14:40:59.999,1627249200000,13.47800000,13.47800000,13.47000000,13.47300000,83.56500000,1627249259999,1125.75806900,6,7.07200000,95.31641600,0
2021-07-25 14:41:59.999,1627249260000,13.47400000,13.47400000,13.46100000,13.46100000,313.75500000,1627249319999,4226.36739300,6,0.00000000,0.00000000,0
2021-07-25 14:42:59.999,1627249320000,13.45700000,13.45700000,13.45700000,13.45700000,6.10000000,1627249379999,82.08770000,1,6.10000000,82.08770000,0
2021-07-25 14:43:59.999,1627249380000,13.45700000,13.45700000,13.45000000,13.45000000,146.09200000,1627249439999,1965.57352500,6,0.00000000,0.00000000,0
2021-07-25 14:44:59.999,1627249440000,13.44800000,13.45900000,13.44800000,13.45900000,10.31700000,1627249499999,138.76078100,2,1.61500000,21.73628500,0
2021-07-25 14:45:59.999,1627249500000,13.45600000,13.45600000,13.44000000,13.44000000,29.23500000,1627249559999,393.17083800,4,9.76500000,131.39784000,0
2021-07-25 14:46:59.999,1627249560000,13.44300000,13.47200000,13.44300000,13.47100000,1193.29000000,1627249619999,16054.93783600,33,1193.29000000,16054.93783600,0
2021-07-25 14:47:59.999,1627249620000,13.47100000,13.47100000,13.43200000,13.43800000,268.71400000,1627249679999,3615.57250600,13,8.33100000,112.17080100,0
2021-07-25 14:48:59.999,1627249680000,13.43200000,13.43300000,13.43200000,13.43300000,13.39900000,1627249739999,179.98203600,2,13.39900000,179.98203600,0
2021-07-25 14:49:59.999,1627249740000,13.43300000,13.43300000,13.43100000,13.43100000,22.83300000,1627249799999,306.70348300,4,12.83300000,172.37348300,0
2021-07-25 14:50:59.999,1627249800000,13.43200000,13.44100000,13.42600000,13.42600000,484.16100000,1627249859999,6506.18629200,11,469.72700000,6312.39540800,0
2021-07-25 14:51:59.999,1627249860000,13.43400000,13.43700000,13.42700000,13.43600000,162.09100000,1627249919999,2177.69733700,16,162.09100000,2177.69733700,0
2021-07-25 14:52:59.999,1627249920000,13.44400000,13.44400000,13.44100000,13.44300000,242.27300000,1627249979999,3257.00226900,10,238.90500000,3211.72287700,0
2021-07-25 14:53:59.999,1627249980000,13.44100000,13.44100000,13.44100000,13.44100000,2.00800000,1627250039999,26.98952800,1,2.00800000,26.98952800,0
2021-07-25 14:54:59.999,1627250040000,13.43000000,13.43000000,13.42700000,13.42700000,71.22900000,1627250099999,956.49375600,4,0.00000000,0.00000000,0
2021-07-25 14:55:59.999,1627250100000,13.42200000,13.42300000,13.41600000,13.42300000,259.02000000,1627250159999,3476.64288900,13,216.61700000,2907.64999100,0
2021-07-25 14:56:59.999,1627250160000,13.42200000,13.44400000,13.42200000,13.44400000,252.57000000,1627250219999,3392.50317400,17,252.57000000,3392.50317400,0
2021-07-25 14:57:59.999,1627250220000,13.43300000,13.43600000,13.43300000,13.43600000,63.40400000,1627250279999,851.72813200,3,0.00000000,0.00000000,0
2021-07-25 14:58:59.999,1627250280000,13.43200000,13.43500000,13.43200000,13.43500000,26.21400000,1627250339999,352.15011200,9,15.06000000,202.31843000,0
2021-07-25 14:59:59.999,1627250340000,13.44500000,13.46500000,13.44500000,13.46500000,34.50800000,1627250399999,464.40561100,8,34.50800000,464.40561100,0
2021-07-25 15:00:59.999,1627250400000,13.46700000,13.46700000,13.43200000,13.43700000,635.91600000,1627250459999,8554.29179200,20,10.04500000,135.02204200,0
2021-07-25 15:01:59.999,1627250460000,13.43100000,13.43100000,13.42000000,13.42100000,466.51300000,1627250519999,6260.61934900,4,2.23900000,30.06226900,0
2021-07-25 15:02:59.999,1627250520000,13.41900000,13.42000000,13.36800000,13.37500000,1400.51000000,1627250579999,18746.20826000,113,101.88600000,1364.74820400,0
2021-07-25 15:03:59.999,1627250580000,13.38200000,13.39900000,13.38200000,13.38900000,810.25000000,1627250639999,10846.78863700,18,810.25000000,10846.78863700,0
2021-07-25 15:04:59.999,1627250640000,13.39000000,13.39200000,13.36200000,13.36200000,373.71800000,1627250699999,4997.12017100,17,26.69300000,357.42246600,0
2021-07-25 15:05:59.999,1627250700000,13.36400000,13.36800000,13.36100000,13.36800000,569.23600000,1627250759999,7609.05717500,18,564.64200000,7547.67674100,0
2021-07-25 15:06:59.999,1627250760000,13.36900000,13.37700000,13.35000000,13.35000000,449.26500000,1627250819999,6003.43194700,26,119.55500000,1598.41373300,0
2021-07-25 15:07:59.999,1627250820000,13.35300000,13.36000000,13.35300000,13.36000000,133.88100000,1627250879999,1788.42231600,6,133.88100000,1788.42231600,0
2021-07-25 15:08:59.999,1627250880000,13.36300000,13.36500000,13.35800000,13.36500000,129.07500000,1627250939999,1724.59264900,5,0.00000000,0.00000000,0
2021-07-25 15:09:59.999,1627250940000,13.35800000,13.36500000,13.35800000,13.36500000,51.73200000,1627250999999,691.21137600,3,51.73200000,691.21137600,0
2021-07-25 15:10:59.999,1627251000000,13.37100000,13.37300000,13.36700000,13.37300000,42.91200000,1627251059999,573.82501500,4,20.10700000,268.87080400,0
2021-07-25 15:11:59.999,1627251060000,13.37900000,13.38800000,13.37500000,13.37900000,331.37000000,1627251119999,4432.91312600,18,76.43700000,1022.96591000,0
2021-07-25 15:12:59.999,1627251120000,13.37900000,13.40300000,13.37500000,13.38700000,379.44400000,1627251179999,5078.31774900,15,212.22200000,2841.33417500,0
2021-07-25 15:13:59.999,1627251180000,13.40400000,13.40500000,13.40000000,13.40000000,60.54600000,1627251239999,811.37018300,4,2.99200000,40.10626000,0
2021-07-25 15:14:59.999,1627251240000,13.40000000,13.42100000,13.40000000,13.42100000,15.31100000,1627251299999,205.37298500,10,15.31100000,205.37298500,0
2021-07-25 15:15:59.999,1627251300000,13.42100000,13.42100000,13.41100000,13.41100000,313.76200000,1627251359999,4210.01856200,9,2.00000000,26.82200000,0
2021-07-25 15:16:59.999,1627251360000,13.41900000,13.42700000,13.41900000,13.42600000,93.42000000,1627251419999,1254.14179200,20,89.01900000,1195.08387200,0
2021-07-25 15:17:59.999,1627251420000,13.42600000,13.42700000,13.40700000,13.40700000,15.01800000,1627251479999,201.47630000,5,3.45300000,46.31841300,0
2021-07-25 15:18:59.999,1627251480000,13.39800000,13.40500000,13.39800000,13.39800000,206.53600000,1627251539999,2767.85281800,11,50.83600000,681.10072800,0
2021-07-25 15:19:59.999,1627251540000,13.40700000,13.40700000,13.40700000,13.40700000,1.84200000,1627251599999,24.69569400,1,1.84200000,24.69569400,0
2021-07-25 15:20:59.999,1627251600000,13.42100000,13.42100000,13.42100000,13.42100000,7.45200000,1627251659999,100.01329200,1,7.45200000,100.01329200,0
2021-07-25 15:21:59.999,1627251660000,13.40200000,13.40200000,13.40200000,13.40200000,1.02800000,1627251719999,13.77725600,1,0.00000000,0.00000000,0
2021-07-25 15:22:59.999,1627251720000,13.39800000,13.39800000,13.38300000,13.38800000,226.81400000,1627251779999,3035.86061600,13,106.82100000,1429.80501100,0
2021-07-25 15:23:59.999,1627251780000,13.39200000,13.40000000,13.39200000,13.40000000,63.35500000,1627251839999,848.51989600,3,63.35500000,848.51989600,0
2021-07-25 15:24:59.999,1627251840000,13.40500000,13.42100000,13.40500000,13.42100000,79.76900000,1627251899999,1070.21515400,7,79.76900000,1070.21515400,0
2021-07-25 15:25:59.999,1627251900000,13.42200000,13.42400000,13.41400000,13.41400000,36.12600000,1627251959999,484.74959400,4,17.03300000,228.63609200,0
2021-07-25 15:26:59.999,1627251960000,13.39200000,13.39300000,13.37900000,13.38800000,114.38400000,1627252019999,1531.53980400,10,15.71400000,210.37903200,0
2021-07-25 15:27:59.999,1627252020000,13.39600000,13.39900000,13.38900000,13.39900000,66.53700000,1627252079999,891.42038700,6,23.30800000,312.29779000,0
2021-07-25 15:28:59.999,1627252080000,13.40000000,13.40000000,13.40000000,13.40000000,7.61200000,1627252139999,102.00080000,1,7.61200000,102.00080000,0
2021-07-25 15:29:59.999,1627252140000,13.39800000,13.40000000,13.39800000,13.40000000,38.68000000,1627252199999,518.31005200,2,0.97400000,13.04965200,0
2021-07-25 15:30:59.999,1627252200000,13.40200000,13.41800000,13.40200000,13.41700000,42.31000000,1627252259999,567.54500200,7,27.24200000,365.49819000,0
2021-07-25 15:31:59.999,1627252260000,13.42000000,13.42100000,13.41300000,13.41600000,80.93700000,1627252319999,1085.98887600,6,7.60400000,102.04568000,0
2021-07-25 15:32:59.999,1627252320000,13.42500000,13.44000000,13.42500000,13.44000000,128.48200000,1627252379999,1725.43949000,26,121.29900000,1628.96038500,0
2021-07-25 15:33:59.999,1627252380000,13.44100000,13.45200000,13.44100000,13.45200000,60.44700000,1627252439999,812.90168100,26,60.44700000,812.90168100,0
2021-07-25 15:34:59.999,1627252440000,13.45400000,13.47100000,13.45400000,13.47100000,77.53100000,1627252499999,1044.09661400,32,77.53100000,1044.09661400,0
2021-07-25 15:35:59.999,1627252500000,13.47300000,13.47500000,13.47200000,13.47500000,49.76200000,1627252559999,670.45738600,12,49.76200000,670.45738600,0
2021-07-25 15:36:59.999,1627252560000,13.47600000,13.47700000,13.47000000,13.47000000,107.32300000,1627252619999,1445.84454300,8,33.11900000,446.31666300,0
2021-07-25 15:37:59.999,1627252620000,13.45200000,13.45200000,13.44200000,13.44700000,253.55100000,1627252679999,3409.83178800,8,242.00700000,3254.54190000,0
2021-07-25 15:38:59.999,1627252680000,13.44700000,13.44700000,13.44000000,13.44000000,4.48600000,1627252739999,60.31624200,2,0.00000000,0.00000000,0
2021-07-25 15:39:59.999,1627252740000,13.44100000,13.45900000,13.43400000,13.45900000,1086.50400000,1627252799999,14610.42665200,20,415.89300000,5594.02782300,0
2021-07-25 15:40:59.999,1627252800000,13.46400000,13.46400000,13.45300000,13.45300000,8.93800000,1627252859999,120.28607800,3,3.71300000,49.96280300,0
2021-07-25 15:41:59.999,1627252860000,13.44000000,13.44200000,13.44000000,13.44200000,19.20800000,1627252919999,258.18857600,2,19.20800000,258.18857600,0
2021-07-25 15:42:59.999,1627252920000,13.43800000,13.44900000,13.43800000,13.44900000,31.86700000,1627252979999,428.28827800,3,5.41200000,72.78598800,0
2021-07-25 15:43:59.999,1627252980000,13.44900000,13.45000000,13.44200000,13.44200000,179.99900000,1627253039999,2419.79004900,7,25.76300000,346.49852100,0
2021-07-25 15:44:59.999,1627253040000,13.44800000,13.45400000,13.44800000,13.44900000,441.90200000,1627253099999,5944.30012100,12,426.90200000,5742.56512100,0
2021-07-25 15:45:59.999,1627253100000,13.45700000,13.47900000,13.45700000,13.46600000,737.12300000,1627253159999,9925.69960700,36,665.79800000,8964.97074400,0
2021-07-25 15:46:59.999,1627253160000,13.46500000,13.47000000,13.46200000,13.46800000,33.39600000,1627253219999,449.67360700,7,6.90700000,93.02988500,0
2021-07-25 15:47:59.999,1627253220000,13.46300000,13.46500000,13.46200000,13.46300000,117.61600000,1627253279999,1583.45266800,6,0.00000000,0.00000000,0
2021-07-25 15:48:59.999,1627253280000,13.45900000,13.45900000,13.45000000,13.45200000,260.48000000,1627253339999,3504.59374400,10,0.00000000,0.00000000,0
2021-07-25 15:49:59.999,1627253340000,13.45500000,13.45800000,13.45500000,13.45800000,77.50700000,1627253399999,1043.08138500,2,0.00000000,0.00000000,0
2021-07-25 15:50:59.999,1627253400000,13.46600000,13.46600000,13.46600000,13.46600000,2.56800000,1627253459999,34.58068800,1,2.56800000,34.58068800,0
2021-07-25 15:51:59.999,1627253460000,13.47000000,13.52000000,13.47000000,13.51200000,1707.34100000,1627253519999,23048.60980800,148,1473.13900000,19885.46647600,0
2021-07-25 15:52:59.999,1627253520000,13.51200000,13.51200000,13.48700000,13.48700000,343.83800000,1627253579999,4641.02567900,14,182.17800000,2458.15990200,0
2021-07-25 15:53:59.999,1627253580000,13.49400000,13.50800000,13.49200000,13.50800000,236.02600000,1627253639999,3187.10531800,16,235.07900000,3174.32839400,0
2021-07-25 15:54:59.999,1627253640000,13.49400000,13.49800000,13.47900000,13.49800000,471.69200000,1627253699999,6360.80575900,19,26.87400000,362.34609600,0
2021-07-25 15:55:59.999,1627253700000,13.49700000,13.49700000,13.49600000,13.49600000,200.46600000,1627253759999,2705.65255700,8,183.30200000,2474.00622700,0
2021-07-25 15:56:59.999,1627253760000,13.49700000,13.51100000,13.49600000,13.50700000,86.22800000,1627253819999,1164.15716400,14,28.67600000,387.15159800,0
2021-07-25 15:57:59.999,1627253820000,13.51300000,13.52600000,13.49600000,13.49600000,203.14300000,1627253879999,2745.10221600,36,83.09500000,1123.16383500,0
2021-07-25 15:58:59.999,1627253880000,13.49600000,13.51800000,13.49600000,13.51800000,49.88600000,1627253939999,673.71576600,6,25.45300000,343.71712200,0
2021-07-25 15:59:59.999,1627253940000,13.51400000,13.53700000,13.51400000,13.53300000,120.53500000,1627253999999,1630.31191300,36,98.06800000,1326.26600200,0
2021-07-25 16:00:59.999,1627254000000,13.53200000,13.56100000,13.51900000,13.53100000,1092.24700000,1627254059999,14795.83603000,135,829.47400000,11237.62077700,0
2021-07-25 16:01:59.999,1627254060000,13.54200000,13.54400000,13.53800000,13.53900000,301.98000000,1627254119999,4089.10795800,17,91.17200000,1234.35663800,0
2021-07-25 16:02:59.999,1627254120000,13.54700000,13.54700000,13.53800000,13.54500000,353.14200000,1627254179999,4783.02758300,12,331.20200000,4486.00386300,0
2021-07-25 16:03:59.999,1627254180000,13.55800000,13.56600000,13.55200000,13.55800000,219.16400000,1627254239999,2971.89010900,35,89.87600000,1218.95309300,0
2021-07-25 16:04:59.999,1627254240000,13.55500000,13.56300000,13.54900000,13.56200000,192.44100000,1627254299999,2608.74376900,16,94.70500000,1284.24494900,0
2021-07-25 16:05:59.999,1627254300000,13.56600000,13.57200000,13.56600000,13.57200000,188.18200000,1627254359999,2553.68568800,31,188.18200000,2553.68568800,0
2021-07-25 16:06:59.999,1627254360000,13.57000000,13.59300000,13.56800000,13.59300000,764.09300000,1627254419999,10375.58460500,108,614.69300000,8346.65780100,0
2021-07-25 16:07:59.999,1627254420000,13.59400000,13.60400000,13.59400000,13.60000000,811.77800000,1627254479999,11039.91391700,61,670.60200000,9119.95781700,0
2021-07-25 16:08:59.999,1627254480000,13.59800000,13.60300000,13.58800000,13.59400000,200.59700000,1627254539999,2727.67868000,15,61.21300000,832.39746100,0
2021-07-25 16:09:59.999,1627254540000,13.59900000,13.60100000,13.59700000,13.60000000,109.49700000,1627254599999,1489.03992400,8,80.92700000,1100.52468100,0
2021-07-25 16:10:59.999,1627254600000,13.60400000,13.60400000,13.59700000,13.59800000,301.05200000,1627254659999,4093.86616900,12,101.05200000,1374.06616900,0
2021-07-25 16:11:59.999,1627254660000,13.60300000,13.61200000,13.60300000,13.60700000,711.79200000,1627254719999,9687.08711500,43,567.77500000,7727.13178100,0
2021-07-25 16:12:59.999,1627254720000,13.60800000,13.63100000,13.56500000,13.58400000,787.99400000,1627254779999,10715.39178500,132,309.21200000,4206.06482700,0
2021-07-25 16:13:59.999,1627254780000,13.57900000,13.57900000,13.55100000,13.55900000,622.56800000,1627254839999,8442.29278700,35,520.78500000,7061.89147500,0
2021-07-25 16:14:59.999,1627254840000,13.55600000,13.56000000,13.50500000,13.53200000,1917.24500000,1627254899999,25932.54655300,136,1290.26300000,17448.09033600,0
2021-07-25 16:15:59.999,1627254900000,13.53200000,13.53200000,13.50600000,13.53200000,702.52700000,1627254959999,9499.74542900,34,560.87800000,7586.20858100,0
2021-07-25 16:16:59.999,1627254960000,13.53200000,13.55100000,13.53200000,13.53900000,232.35500000,1627255019999,3146.70042800,13,157.35500000,2131.30792800,0
2021-07-25 16:17:59.999,1627255020000,13.53800000,13.53800000,13.51900000,13.53000000,722.97600000,1627255079999,9779.95976600,20,371.86700000,5028.78973800,0
2021-07-25 16:18:59.999,1627255080000,13.53300000,13.53300000,13.52000000,13.52900000,7427.74300000,1627255139999,100426.78885600,87,6748.62000000,91241.43432900,0
2021-07-25 16:19:59.999,1627255140000,13.53000000,13.54600000,13.52600000,13.53500000,4335.17500000,1627255199999,58656.88349200,39,4037.20800000,54623.74659700,0
2021-07-25 16:20:59.999,1627255200000,13.52900000,13.54100000,13.52600000,13.53500000,408.14800000,1627255259999,5523.50022300,16,53.03100000,717.88456000,0
2021-07-25 16:21:59.999,1627255260000,13.53500000,13.53700000,13.52300000,13.53700000,304.03600000,1627255319999,4114.81590000,12,31.79200000,430.26990000,0
2021-07-25 16:22:59.999,1627255320000,13.53900000,13.57200000,13.53900000,13.57200000,526.74300000,1627255379999,7139.34322600,28,492.84600000,6679.85547100,0
2021-07-25 16:23:59.999,1627255380000,13.56800000,13.57500000,13.56600000,13.56800000,317.50300000,1627255439999,4308.24298800,22,18.23700000,247.50932900,0
2021-07-25 16:24:59.999,1627255440000,13.55800000,13.58200000,13.54800000,13.58200000,573.33200000,1627255499999,7778.03597500,27,573.33200000,7778.03597500,0
2021-07-25 16:25:59.999,1627255500000,13.57800000,13.57800000,13.54600000,13.55000000,719.06600000,1627255559999,9749.95432800,27,297.75000000,4035.47983800,0
2021-07-25 16:26:59.999,1627255560000,13.55800000,13.57100000,13.55700000,13.57000000,65.65000000,1627255619999,890.49473500,9,61.45600000,833.60731900,0
2021-07-25 16:27:59.999,1627255620000,13.56400000,13.56400000,13.55700000,13.56200000,55.83200000,1627255679999,757.03863400,7,21.45300000,290.85214800,0
2021-07-25 16:28:59.999,1627255680000,13.56400000,13.59200000,13.56400000,13.58200000,802.08500000,1627255739999,10895.34832500,38,418.30900000,5683.43715100,0
2021-07-25 16:29:59.999,1627255740000,13.58000000,13.59000000,13.57500000,13.59000000,174.25900000,1627255799999,2366.31546500,8,0.00000000,0.00000000,0
2021-07-25 16:30:59.999,1627255800000,13.59300000,13.60400000,13.59100000,13.60100000,534.53600000,1627255859999,7267.67133400,39,285.66800000,3884.87445900,0
2021-07-25 16:31:59.999,1627255860000,13.60300000,13.60600000,13.58200000,13.58200000,456.68500000,1627255919999,6206.83503000,25,105.32700000,1432.79000800,0
2021-07-25 16:32:59.999,1627255920000,13.58000000,13.59000000,13.57400000,13.59000000,428.80500000,1627255979999,5822.53797300,24,418.44700000,5681.92373300,0
2021-07-25 16:33:59.999,1627255980000,13.58200000,13.58800000,13.57500000,13.58000000,805.56200000,1627256039999,10939.44250000,19,14.74400000,200.25747200,0
2021-07-25 16:34:59.999,1627256040000,13.58200000,13.61400000,13.58100000,13.60400000,1145.13100000,1627256099999,15578.61347200,38,568.96100000,7738.77299800,0
2021-07-25 16:35:59.999,1627256100000,13.60400000,13.62800000,13.59900000,13.61900000,342.22800000,1627256159999,4659.11341500,41,61.21800000,833.82456800,0
2021-07-25 16:36:59.999,1627256160000,13.62100000,13.62100000,13.58400000,13.60700000,691.00600000,1627256219999,9397.39373800,29,330.05900000,4486.76622700,0
2021-07-25 16:37:59.999,1627256220000,13.61200000,13.61800000,13.60700000,13.60700000,342.22300000,1627256279999,4658.64742500,12,196.36900000,2673.69454000,0
2021-07-25 16:38:59.999,1627256280000,13.61600000,13.61800000,13.59900000,13.60800000,458.99500000,1627256339999,6247.46325900,22,207.77300000,2828.25814400,0
2021-07-25 16:39:59.999,1627256340000,13.61600000,13.62700000,13.61200000,13.61900000,567.99800000,1627256399999,7737.21062200,26,461.17800000,6282.62351500,0
2021-07-25 16:40:59.999,1627256400000,13.62000000,13.65300000,13.62000000,13.65300000,1335.70700000,1627256459999,18215.48449700,135,1114.39100000,15197.64813900,0
2021-07-25 16:41:59.999,1627256460000,13.64900000,13.67000000,13.64700000,13.66400000,1385.50600000,1627256519999,18927.61738200,99,732.34400000,10004.96951400,0
2021-07-25 16:42:59.999,1627256520000,13.66400000,13.67000000,13.64900000,13.65100000,12199.08600000,1627256579999,166749.12672100,84,758.78500000,10369.40272800,0
2021-07-25 16:43:59.999,1627256580000,13.65100000,13.66800000,13.61900000,13.63000000,2304.88800000,1627256639999,31451.24092100,81,428.58800000,5848.02924600,0
2021-07-25 16:44:59.999,1627256640000,13.63300000,13.64900000,13.62800000,13.64600000,1497.53200000,1627256699999,20424.19445300,63,826.46200000,11273.03421700,0
2021-07-25 16:45:59.999,1627256700000,13.64800000,13.65600000,13.64100000,13.65100000,448.33900000,1627256759999,6119.23514300,16,415.84000000,5675.91628400,0
2021-07-25 16:46:59.999,1627256760000,13.64700000,13.65300000,13.64100000,13.65300000,278.64600000,1627256819999,3803.59906200,10,268.10400000,3659.76838800,0
2021-07-25 16:47:59.999,1627256820000,13.64500000,13.64500000,13.62200000,13.62700000,94.11300000,1627256879999,1282.96540600,8,33.26500000,453.51612500,0
2021-07-25 16:48:59.999,1627256880000,13.62600000,13.65400000,13.62000000,13.64400000,1922.50700000,1627256939999,26205.83429100,41,1385.35400000,18879.09131400,0
2021-07-25 16:49:59.999,1627256940000,13.63600000,13.63600000,13.63600000,13.63600000,11.00000000,1627256999999,149.99600000,1,11.00000000,149.99600000,0
2021-07-25 16:50:59.999,1627257000000,13.64500000,13.66600000,13.64500000,13.66600000,131.63500000,1627257059999,1797.60144000,7,131.63500000,1797.60144000,0
2021-07-25 16:51:59.999,1627257060000,13.67100000,13.69000000,13.66900000,13.66900000,968.59200000,1627257119999,13249.75339200,127,512.06700000,7005.22481400,0
2021-07-25 16:52:59.999,1627257120000,13.66500000,13.67100000,13.65400000,13.66000000,965.59300000,1627257179999,13188.37298600,30,837.76100000,11441.70996600,0
2021-07-25 16:53:59.999,1627257180000,13.66900000,13.68400000,13.66900000,13.68400000,84.89500000,1627257239999,1161.59412900,4,84.89500000,1161.59412900,0
2021-07-25 16:54:59.999,1627257240000,13.67600000,13.67600000,13.65900000,13.66600000,438.73800000,1627257299999,5995.65750600,19,10.00000000,136.66000000,0
2021-07-25 16:55:59.999,1627257300000,13.67100000,13.67400000,13.65400000,13.66300000,976.33800000,1627257359999,13338.71190200,33,136.04400000,1859.09773800,0
2021-07-25 16:56:59.999,1627257360000,13.66400000,13.72800000,13.66400000,13.72800000,3559.46100000,1627257419999,48761.59642400,217,2636.07500000,36115.96428700,0
2021-07-25 16:57:59.999,1627257420000,13.72900000,13.73200000,13.70300000,13.70500000,433.57300000,1627257479999,5946.02277900,31,151.13500000,2073.03315300,0
2021-07-25 16:58:59.999,1627257480000,13.70900000,13.72000000,13.70800000,13.71600000,537.12300000,1627257539999,7364.18412900,12,280.28000000,3842.59560000,0
2021-07-25 16:59:59.999,1627257540000,13.71100000,13.76100000,13.71000000,13.74700000,1685.00900000,1627257599999,23160.85201900,162,1078.70800000,14825.76100700,0
2021-07-25 17:00:59.999,1627257600000,13.74200000,13.76500000,13.72600000,13.72600000,2418.17700000,1627257659999,33230.31687900,77,1382.13500000,19000.31031500,0
2021-07-25 17:01:59.999,1627257660000,13.73100000,13.73700000,13.70000000,13.70200000,556.07200000,1627257719999,7631.18429400,54,226.79400000,3113.24735800,0
2021-07-25 17:02:59.999,1627257720000,13.69600000,13.69900000,13.64700000,13.67000000,2081.67200000,1627257779999,28466.11513900,163,897.55600000,12280.22282100,0
2021-07-25 17:03:59.999,1627257780000,13.67200000,13.67800000,13.66300000,13.67000000,1129.80500000,1627257839999,15442.92142800,29,38.30700000,523.58951300,0
2021-07-25 17:04:59.999,1627257840000,13.66600000,13.70200000,13.66600000,13.69400000,410.78500000,1627257899999,5619.79362400,24,204.80300000,2801.98847800,0
2021-07-25 17:05:59.999,1627257900000,13.69800000,13.71000000,13.68100000,13.68800000,1522.40700000,1627257959999,20847.00743300,38,623.91000000,8543.52101200,0
2021-07-25 17:06:59.999,1627257960000,13.69100000,13.71400000,13.68000000,13.71400000,436.56900000,1627258019999,5978.29462700,20,237.26800000,3251.49694000,0
2021-07-25 17:07:59.999,1627258020000,13.71600000,13.73500000,13.70600000,13.73500000,279.88100000,1627258079999,3839.45819200,30,272.23700000,3734.55478400,0
2021-07-25 17:08:59.999,1627258080000,13.73700000,13.77100000,13.73700000,13.76900000,2086.55300000,1627258139999,28703.81047200,139,1366.85100000,18799.61018100,0
2021-07-25 17:09:59.999,1627258140000,13.75800000,13.76100000,13.73400000,13.73700000,485.95900000,1627258199999,6683.96321100,27,85.22000000,1171.34988400,0
2021-07-25 17:10:59.999,1627258200000,13.74300000,13.77400000,13.74100000,13.74800000,2396.23600000,1627258259999,32969.89089500,43,2360.28500000,32475.84568600,0
2021-07-25 17:11:59.999,1627258260000,13.74600000,13.75500000,13.74500000,13.74500000,291.48800000,1627258319999,4007.54493000,12,88.55300000,1217.68940200,0
2021-07-25 17:12:59.999,1627258320000,13.75000000,13.80000000,13.75000000,13.78600000,2698.70400000,1627258379999,37192.22487100,195,1803.71300000,24861.82095400,0
2021-07-25 17:13:59.999,1627258380000,13.78600000,13.87600000,13.78600000,13.85800000,9415.20900000,1627258439999,130222.03017600,416,8095.99900000,111964.47736500,0
2021-07-25 17:14:59.999,1627258440000,13.85900000,13.87600000,13.82700000,13.87600000,2035.07800000,1627258499999,28188.04729600,76,1101.08500000,15256.73807200,0
2021-07-25 17:15:59.999,1627258500000,13.87700000,13.93500000,13.86800000,13.88400000,3263.36600000,1627258559999,45372.50241700,312,1858.45200000,25842.79794700,0
2021-07-25 17:16:59.999,1627258560000,13.89600000,13.90000000,13.86000000,13.86700000,1054.75400000,1627258619999,14642.87865500,64,701.13100000,9737.21013000,0
2021-07-25 17:17:59.999,1627258620000,13.86600000,13.87400000,13.84100000,13.85300000,570.50500000,1627258679999,7907.13870400,52,141.89300000,1966.92873600,0
2021-07-25 17:18:59.999,1627258680000,13.85500000,13.86200000,13.83100000,13.83100000,1488.03800000,1627258739999,20598.73322900,72,496.55700000,6877.94971100,0
2021-07-25 17:19:59.999,1627258740000,13.83000000,13.83400000,13.79300000,13.83400000,2468.00200000,1627258799999,34093.17401200,162,440.78200000,6090.75592300,0
2021-07-25 17:20:59.999,1627258800000,13.82900000,13.83100000,13.79500000,13.80400000,1900.74200000,1627258859999,26239.11517600,48,271.95700000,3754.27226600,0
2021-07-25 17:21:59.999,1627258860000,13.82100000,13.86500000,13.82100000,13.85300000,2029.98600000,1627258919999,28103.73407300,72,1466.02700000,20289.99936300,0
2021-07-25 17:22:59.999,1627258920000,13.86200000,13.86600000,13.80800000,13.81600000,1774.01000000,1627258979999,24537.36393200,49,1129.38400000,15619.41983000,0
2021-07-25 17:23:59.999,1627258980000,13.81200000,13.83400000,13.81200000,13.83400000,797.10700000,1627259039999,11023.36782900,26,694.87700000,9609.20566900,0
2021-07-25 17:24:59.999,1627259040000,13.83700000,13.85400000,13.83400000,13.84900000,526.51100000,1627259099999,7288.85228500,28,335.96300000,4651.40600900,0
2021-07-25 17:25:59.999,1627259100000,13.85200000,13.86600000,13.83900000,13.86600000,1087.21000000,1627259159999,15053.45397100,33,758.94900000,10508.54109000,0
2021-07-25 17:26:59.999,1627259160000,13.86600000,13.92300000,13.86200000,13.88000000,2804.20500000,1627259219999,38985.84471100,172,1156.13700000,16058.76665700,0
2021-07-25 17:27:59.999,1627259220000,13.88200000,13.88300000,13.86900000,13.87100000,733.04700000,1627259279999,10171.30254100,28,388.32500000,5389.12711100,0
2021-07-25 17:28:59.999,1627259280000,13.86400000,13.86400000,13.82200000,13.82200000,1092.42500000,1627259339999,15127.99634000,85,387.50000000,5368.15651200,0
2021-07-25 17:29:59.999,1627259340000,13.83000000,13.84200000,13.83000000,13.84100000,233.54300000,1627259399999,3231.50951200,11,226.31200000,3131.48308900,0
2021-07-25 17:30:59.999,1627259400000,13.84800000,13.86400000,13.83000000,13.83200000,827.50700000,1627259459999,11459.94722400,23,451.34900000,6249.26430600,0
2021-07-25 17:31:59.999,1627259460000,13.83300000,13.88400000,13.83000000,13.85800000,5074.43000000,1627259519999,70300.07115300,94,1394.46000000,19323.63134700,0
2021-07-25 17:32:59.999,1627259520000,13.86500000,13.90000000,13.85700000,13.89500000,3022.63300000,1627259579999,41944.16450200,95,2617.91700000,36328.58459700,0
2021-07-25 17:33:59.999,1627259580000,13.89300000,13.89300000,13.86700000,13.87800000,706.60800000,1627259639999,9807.60862700,20,332.71700000,4616.02756400,0
2021-07-25 17:34:59.999,1627259640000,13.88800000,13.93200000,13.88800000,13.90400000,2918.61900000,1627259699999,40618.01399000,107,2482.57700000,34554.75825700,0
2021-07-25 17:35:59.999,1627259700000,13.90500000,13.91800000,13.88700000,13.91300000,2804.22500000,1627259759999,38980.99552400,51,1220.25400000,16970.89308000,0
2021-07-25 17:36:59.999,1627259760000,13.89300000,13.93200000,13.89200000,13.93200000,976.58800000,1627259819999,13595.85607700,31,373.34400000,5196.89083000,0
2021-07-25 17:37:59.999,1627259820000,13.93300000,13.96800000,13.93200000,13.94700000,4085.93900000,1627259879999,57004.64487800,223,1822.97000000,25429.41285400,0
2021-07-25 17:38:59.999,1627259880000,13.95200000,13.96900000,13.94000000,13.94000000,1487.26600000,1627259939999,20759.33523300,62,1090.79300000,15224.84509000,0
2021-07-25 17:39:59.999,1627259940000,13.94300000,13.95000000,13.91800000,13.92700000,2331.76700000,1627259999999,32478.47820400,43,1620.28700000,22570.64284900,0
2021-07-25 17:40:59.999,1627260000000,13.92700000,13.93000000,13.91400000,13.91400000,1252.12700000,1627260059999,17429.22006300,45,126.85000000,1765.89649300,0
2021-07-25 17:41:59.999,1627260060000,13.92200000,13.96400000,13.92200000,13.95600000,739.32400000,1627260119999,10306.70493700,38,633.71300000,8833.43566300,0
2021-07-25 17:42:59.999,1627260120000,13.95600000,13.97000000,13.95400000,13.95900000,1364.08600000,1627260179999,19047.34107400,47,399.02100000,5572.95460600,0
2021-07-25 17:43:59.999,1627260180000,13.96000000,13.96900000,13.96000000,13.96300000,240.05100000,1627260239999,3352.44748400,13,86.52900000,1208.50357100,0
2021-07-25 17:44:59.999,1627260240000,13.96800000,13.97500000,13.95600000,13.96700000,1040.78300000,1627260299999,14531.72827600,54,265.29100000,3706.46342500,0
2021-07-25 17:45:59.999,1627260300000,13.96500000,13.97600000,13.96400000,13.97600000,3906.20900000,1627260359999,54584.85472200,40,3580.67300000,50038.03075800,0
2021-07-25 17:46:59.999,1627260360000,13.97600000,14.00000000,13.94200000,13.95100000,14637.81200000,1627260419999,204639.13189900,372,12204.19500000,170624.49859200,0
2021-07-25 17:47:59.999,1627260420000,13.94400000,13.96900000,13.94300000,13.96400000,760.82300000,1627260479999,10618.00225800,37,365.02700000,5093.66890100,0
2021-07-25 17:48:59.999,1627260480000,13.96400000,13.99900000,13.96400000,13.99300000,2003.63200000,1627260539999,28014.30716400,59,739.50600000,10342.14030700,0
2021-07-25 17:49:59.999,1627260540000,13.99500000,14.01800000,13.99400000,13.99500000,3228.89600000,1627260599999,45209.18088300,138,2825.40900000,39561.97549800,0
2021-07-25 17:50:59.999,1627260600000,13.99900000,14.00400000,13.97700000,13.98000000,2656.22500000,1627260659999,37164.73326900,57,1250.12400000,17500.94901900,0
2021-07-25 17:51:59.999,1627260660000,13.99500000,14.00100000,13.99200000,14.00100000,437.91700000,1627260719999,6129.89444500,17,303.69700000,4251.03729100,0
2021-07-25 17:52:59.999,1627260720000,14.00600000,14.01500000,13.98200000,14.00400000,3145.53800000,1627260779999,44041.39329000,88,1167.25600000,16347.76758200,0
2021-07-25 17:53:59.999,1627260780000,13.99500000,14.00900000,13.98300000,14.00000000,2414.77900000,1627260839999,33800.26860400,36,345.71500000,4839.80334900,0
2021-07-25 17:54:59.999,1627260840000,14.00500000,14.11000000,14.00500000,14.10100000,6109.00800000,1627260899999,85854.05519600,491,4128.30000000,58033.87159600,0
2021-07-25 17:55:59.999,1627260900000,14.09600000,14.10000000,14.06600000,14.07800000,2511.75600000,1627260959999,35372.14977700,108,1289.06000000,18153.43780700,0
2021-07-25 17:56:59.999,1627260960000,14.07900000,14.09400000,14.07500000,14.09000000,1368.52400000,1627261019999,19279.88563200,37,414.94500000,5844.02417300,0
2021-07-25 17:57:59.999,1627261020000,14.08700000,14.09900000,14.06500000,14.07000000,2419.15900000,1627261079999,34070.90787700,70,438.20700000,6172.68756400,0
2021-07-25 17:58:59.999,1627261080000,14.06800000,14.18300000,14.06800000,14.15100000,5839.60500000,1627261139999,82483.75181300,514,3778.68900000,53359.29746900,0
2021-07-25 17:59:59.999,1627261140000,14.14700000,14.16700000,14.11500000,14.13500000,1988.51000000,1627261199999,28118.35201200,127,1229.45100000,17390.24308900,0
2021-07-25 18:00:59.999,1627261200000,14.14600000,14.20000000,14.11500000,14.20000000,5021.57700000,1627261259999,71086.79568800,227,2633.80600000,37318.78146900,0
2021-07-25 18:01:59.999,1627261260000,14.19900000,14.32000000,14.19900000,14.30200000,9616.08100000,1627261319999,136940.39076000,557,8977.73300000,127844.83005500,0
2021-07-25 18:02:59.999,1627261320000,14.30000000,14.40000000,14.28900000,14.38000000,7470.28500000,1627261379999,107053.22635500,593,4992.90400000,71570.05811300,0
2021-07-25 18:03:59.999,1627261380000,14.38600000,14.38600000,14.20700000,14.24700000,5865.39100000,1627261439999,83851.75898200,483,1372.03400000,19585.61930600,0
2021-07-25 18:04:59.999,1627261440000,14.24100000,14.33700000,14.22100000,14.25900000,8701.19100000,1627261499999,124309.47868500,350,2795.02200000,39921.49918100,0
2021-07-25 18:05:59.999,1627261500000,14.24700000,14.25900000,14.16600000,14.16600000,4546.33200000,1627261559999,64575.91914900,336,1231.22400000,17502.73517200,0
2021-07-25 18:06:59.999,1627261560000,14.16600000,14.18200000,14.10700000,14.10700000,3542.22500000,1627261619999,50119.62948600,276,1300.41600000,18397.66266900,0
2021-07-25 18:07:59.999,1627261620000,14.10700000,14.14000000,14.05200000,14.06200000,14250.36100000,1627261679999,200938.40756600,420,8335.38700000,117580.31889000,0
2021-07-25 18:08:59.999,1627261680000,14.05100000,14.18700000,14.01700000,14.16500000,4846.38500000,1627261739999,68363.44381500,449,2389.48100000,33741.67148800,0
2021-07-25 18:09:59.999,1627261740000,14.15600000,14.22800000,14.10100000,14.14100000,3488.17200000,1627261799999,49441.33835200,248,2361.27800000,33501.37808100,0
2021-07-25 18:10:59.999,1627261800000,14.14400000,14.33500000,14.14300000,14.26900000,9382.16900000,1627261859999,133819.72789400,847,5442.95300000,77598.37490100,0
2021-07-25 18:11:59.999,1627261860000,14.29600000,14.47300000,14.29600000,14.47300000,12265.60100000,1627261919999,176670.71157600,728,10588.15300000,152563.95614200,0
2021-07-25 18:12:59.999,1627261920000,14.47400000,14.53100000,14.40800000,14.48000000,10275.96200000,1627261979999,148785.95510000,724,5985.55000000,86718.05621300,0
2021-07-25 18:13:59.999,1627261980000,14.47600000,14.55000000,14.47600000,14.53400000,7156.37000000,1627262039999,103981.74765700,282,3791.73500000,55091.68067000,0
2021-07-25 18:14:59.999,1627262040000,14.53300000,14.54700000,14.40200000,14.40200000,7352.89000000,1627262099999,106483.90616600,403,2369.92000000,34359.92107100,0
2021-07-25 18:15:59.999,1627262100000,14.40900000,14.46800000,14.40200000,14.45300000,3711.39900000,1627262159999,53570.10829400,106,1456.73700000,21039.45474700,0
2021-07-25 18:16:59.999,1627262160000,14.45400000,14.46700000,14.35500000,14.35700000,3032.70000000,1627262219999,43728.94869500,247,1261.22600000,18206.34270800,0
2021-07-25 18:17:59.999,1627262220000,14.35600000,14.35600000,14.25000000,14.29000000,9130.19300000,1627262279999,130524.12721500,540,3617.65600000,51711.21517200,0
2021-07-25 18:18:59.999,1627262280000,14.30800000,14.40300000,14.29800000,14.39800000,4023.59800000,1627262339999,57724.11774800,265,2876.88000000,41281.84275300,0
2021-07-25 18:19:59.999,1627262340000,14.38400000,14.38500000,14.24800000,14.24800000,6789.69100000,1627262399999,97203.13322700,348,2374.42300000,34014.51367000,0
2021-07-25 18:20:59.999,1627262400000,14.24700000,14.35200000,14.24600000,14.32400000,2815.25100000,1627262459999,40269.72953800,173,1923.09900000,27498.64767200,0
2021-07-25 18:21:59.999,1627262460000,14.33000000,14.34500000,14.29200000,14.30800000,2858.57400000,1627262519999,40931.30791000,81,1254.51200000,17958.38409800,0
2021-07-25 18:22:59.999,1627262520000,14.29000000,14.34700000,14.27300000,14.34200000,1411.74200000,1627262579999,20210.06956200,74,815.75400000,11676.07900900,0
2021-07-25 18:23:59.999,1627262580000,14.34000000,14.38900000,14.33300000,14.38700000,1612.72000000,1627262639999,23162.85251700,132,1064.59100000,15293.04558200,0
2021-07-25 18:24:59.999,1627262640000,14.38700000,14.41800000,14.38300000,14.40000000,2284.11600000,1627262699999,32890.61376300,127,1647.60100000,23730.94371300,0
2021-07-25 18:25:59.999,1627262700000,14.40600000,14.48700000,14.40600000,14.48200000,2263.89200000,1627262759999,32717.42753100,241,1612.64700000,23308.72813600,0
2021-07-25 18:26:59.999,1627262760000,14.47100000,14.49200000,14.44600000,14.46000000,2388.35600000,1627262819999,34566.67560600,115,945.82100000,13690.98717900,0
2021-07-25 18:27:59.999,1627262820000,14.44900000,14.47500000,14.43600000,14.43900000,1774.42800000,1627262879999,25648.21158600,80,499.61700000,7220.89012300,0
2021-07-25 18:28:59.999,1627262880000,14.45500000,14.46900000,14.43300000,14.43300000,923.77500000,1627262939999,13352.75217000,42,171.76600000,2483.14828300,0
2021-07-25 18:29:59.999,1627262940000,14.43400000,14.47100000,14.43100000,14.44700000,2306.34900000,1627262999999,33340.34309400,77,699.75800000,10115.41761700,0
2021-07-25 18:30:59.999,1627263000000,14.44800000,14.47200000,14.44000000,14.47200000,1047.79700000,1627263059999,15149.80981400,36,934.64800000,13514.81939600,0
2021-07-25 18:31:59.999,1627263060000,14.46400000,14.46800000,14.41000000,14.41000000,1455.32200000,1627263119999,21004.20133600,89,693.26300000,10007.95942600,0
2021-07-25 18:32:59.999,1627263120000,14.42000000,14.44500000,14.41500000,14.42600000,752.69300000,1627263179999,10855.55709900,28,222.11800000,3204.04869800,0
2021-07-25 18:33:59.999,1627263180000,14.42800000,14.50900000,14.42500000,14.50900000,1615.49100000,1627263239999,23377.50552700,120,1174.81800000,16999.31967200,0
2021-07-25 18:34:59.999,1627263240000,14.50900000,14.58400000,14.50900000,14.52900000,5824.29700000,1627263299999,84711.91699800,381,2094.28800000,30486.80043000,0
2021-07-25 18:35:59.999,1627263300000,14.53500000,14.59000000,14.53300000,14.59000000,2722.67100000,1627263359999,39641.20698900,86,952.96000000,13876.21141900,0
2021-07-25 18:36:59.999,1627263360000,14.58900000,14.63000000,14.57900000,14.62500000,2389.35000000,1627263419999,34901.81608500,226,1852.02300000,27056.76776200,0
2021-07-25 18:37:59.999,1627263420000,14.61900000,14.63500000,14.57500000,14.63500000,10340.06000000,1627263479999,151151.91589100,155,9093.55600000,132954.91663800,0
2021-07-25 18:38:59.999,1627263480000,14.63500000,14.68300000,14.62900000,14.68300000,2932.10100000,1627263539999,42944.53084400,263,1222.29100000,17909.87920000,0
2021-07-25 18:39:59.999,1627263540000,14.68300000,14.85400000,14.68300000,14.85400000,22673.58500000,1627263599999,335506.35689700,886,12048.34500000,178322.60294000,0
2021-07-25 18:40:59.999,1627263600000,14.83100000,14.89900000,14.79300000,14.89000000,7605.90100000,1627263659999,112966.11422900,354,5115.91200000,76003.10004300,0
2021-07-25 18:41:59.999,1627263660000,14.89700000,14.94000000,14.84500000,14.84500000,7353.03500000,1627263719999,109585.25895200,431,1890.74800000,28184.63690500,0
2021-07-25 18:42:59.999,1627263720000,14.84500000,14.96600000,14.84100000,14.96000000,4341.62300000,1627263779999,64715.65029600,248,2464.39100000,36752.98734400,0
2021-07-25 18:43:59.999,1627263780000,14.95400000,15.00800000,14.94000000,14.97000000,11973.57800000,1627263839999,179430.80556700,420,7471.39700000,112024.36030600,0
2021-07-25 18:44:59.999,1627263840000,14.97300000,14.97300000,14.86300000,14.91800000,2584.75000000,1627263899999,38552.86496100,241,1196.36900000,17838.34833300,0
2021-07-25 18:45:59.999,1627263900000,14.92100000,14.95000000,14.76800000,14.78500000,4935.19800000,1627263959999,73255.63024000,450,1057.98900000,15717.05582800,0
2021-07-25 18:46:59.999,1627263960000,14.78600000,14.92500000,14.78300000,14.89600000,12394.36100000,1627264019999,184501.35035800,258,11117.42000000,165501.08099300,0
2021-07-25 18:47:59.999,1627264020000,14.89000000,14.89000000,14.74000000,14.75200000,5097.58100000,1627264079999,75345.26577500,331,1317.03900000,19473.61294700,0
2021-07-25 18:48:59.999,1627264080000,14.75700000,14.76500000,14.69000000,14.71500000,5565.35200000,1627264139999,81944.97475700,270,1641.33200000,24167.37135900,0
2021-07-25 18:49:59.999,1627264140000,14.71400000,14.80500000,14.71000000,14.79900000,3171.56900000,1627264199999,46804.99556100,142,2401.57500000,35430.77074400,0
2021-07-25 18:50:59.999,1627264200000,14.80100000,14.80100000,14.74500000,14.79100000,951.72200000,1627264259999,14070.82105500,45,562.69600000,8321.10678500,0
2021-07-25 18:51:59.999,1627264260000,14.78300000,14.78300000,14.70000000,14.70500000,3646.14800000,1627264319999,53790.70887300,95,688.90400000,10170.15557600,0
2021-07-25 18:52:59.999,1627264320000,14.71100000,14.73200000,14.66800000,14.72300000,4684.21100000,1627264379999,68855.87393900,226,1969.66300000,28967.78582900,0
2021-07-25 18:53:59.999,1627264380000,14.70600000,14.72100000,14.66000000,14.68900000,1626.42600000,1627264439999,23897.88587600,114,959.15300000,14096.86978800,0
2021-07-25 18:54:59.999,1627264440000,14.70000000,14.76000000,14.70000000,14.75900000,2280.21000000,1627264499999,33580.81425100,108,1446.63500000,21306.33761800,0
2021-07-25 18:55:59.999,1627264500000,14.75900000,14.76900000,14.71500000,14.73600000,2746.48500000,1627264559999,40497.57359300,110,764.46900000,11276.02695900,0
2021-07-25 18:56:59.999,1627264560000,14.72900000,14.75000000,14.71100000,14.74800000,954.41300000,1627264619999,14059.32272300,47,698.19300000,10288.36054000,0
2021-07-25 18:57:59.999,1627264620000,14.75000000,14.79900000,14.75000000,14.76900000,1392.70100000,1627264679999,20580.13601100,96,764.95600000,11306.05336800,0
2021-07-25 18:58:59.999,1627264680000,14.76900000,14.76900000,14.70400000,14.74500000,2482.58800000,1627264739999,36581.49376500,111,1121.04900000,16521.69325200,0
2021-07-25 18:59:59.999,1627264740000,14.73200000,14.75200000,14.71200000,14.73900000,1228.93700000,1627264799999,18111.30328800,39,680.45800000,10032.45608100,0
2021-07-25 19:00:59.999,1627264800000,14.75200000,14.77300000,14.71200000,14.71700000,1506.59500000,1627264859999,22225.01516300,51,958.18700000,14135.15548600,0
2021-07-25 19:01:59.999,1627264860000,14.71200000,14.71200000,14.61400000,14.65200000,5769.80300000,1627264919999,84535.07317200,377,2191.81700000,32084.51742400,0
2021-07-25 19:02:59.999,1627264920000,14.64900000,14.70400000,14.64200000,14.65700000,1710.85700000,1627264979999,25097.02604500,77,927.69600000,13618.87745400,0
2021-07-25 19:03:59.999,1627264980000,14.67100000,14.72200000,14.62500000,14.64600000,5057.68500000,1627265039999,74263.51777900,172,3028.66700000,44475.04919500,0
2021-07-25 19:04:59.999,1627265040000,14.64400000,14.64600000,14.62100000,14.63800000,697.70900000,1627265099999,10211.11757100,41,490.76700000,7183.32394800,0
2021-07-25 19:05:59.999,1627265100000,14.64500000,14.67800000,14.64500000,14.65800000,358.28800000,1627265159999,5253.10167600,28,171.27500000,2511.08997500,0
2021-07-25 19:06:59.999,1627265160000,14.65100000,14.65100000,14.59500000,14.59500000,1099.07200000,1627265219999,16070.74403800,106,213.07900000,3112.48670700,0
2021-07-25 19:07:59.999,1627265220000,14.59400000,14.61200000,14.56000000,14.56100000,2107.01600000,1627265279999,30746.28944700,153,1645.19400000,24013.13703200,0
2021-07-25 19:08:59.999,1627265280000,14.56900000,14.61000000,14.44600000,14.57000000,14096.94500000,1627265339999,204780.39802900,452,2855.66500000,41634.08910100,0
2021-07-25 19:09:59.999,1627265340000,14.57100000,14.58800000,14.53400000,14.54000000,2917.21000000,1627265399999,42485.81477700,97,1300.62300000,18943.95826800,0
2021-07-25 19:10:59.999,1627265400000,14.54000000,14.56200000,14.49200000,14.54000000,22214.84600000,1627265459999,322995.86506200,218,19976.10300000,290469.50372600,0
2021-07-25 19:11:59.999,1627265460000,14.54000000,14.57300000,14.52700000,14.57300000,7086.18600000,1627265519999,103038.46020800,153,6409.09500000,93186.91400000,0
2021-07-25 19:12:59.999,1627265520000,14.57900000,14.61500000,14.57800000,14.61500000,5908.51300000,1627265579999,86305.91420500,167,5379.63500000,78588.17545100,0
2021-07-25 19:13:59.999,1627265580000,14.61200000,14.63900000,14.60700000,14.63400000,2201.02000000,1627265639999,32187.67062000,124,1271.57900000,18598.17706800,0
2021-07-25 19:14:59.999,1627265640000,14.63800000,14.64500000,14.60800000,14.63900000,3851.93600000,1627265699999,56364.73021500,80,3437.29800000,50300.50118100,0
2021-07-25 19:15:59.999,1627265700000,14.64500000,14.68100000,14.64100000,14.67800000,1186.40100000,1627265759999,17396.50689100,118,989.73700000,14514.15869600,0
2021-07-25 19:16:59.999,1627265760000,14.67800000,14.73000000,14.67200000,14.73000000,1155.07300000,1627265819999,16974.63703300,138,619.04900000,9105.80429700,0
2021-07-25 19:17:59.999,1627265820000,14.73000000,14.74600000,14.66900000,14.69200000,2057.50000000,1627265879999,30275.25964200,119,971.94600000,14313.39040200,0
2021-07-25 19:18:59.999,1627265880000,14.68900000,14.69200000,14.66700000,14.68200000,303.90500000,1627265939999,4462.42757100,20,171.23800000,2514.56885100,0
2021-07-25 19:19:59.999,1627265940000,14.68500000,14.68700000,14.62200000,14.62800000,3765.47800000,1627265999999,55236.28993000,123,316.46800000,4636.99635900,0
2021-07-25 19:20:59.999,1627266000000,14.63200000,14.63300000,14.56400000,14.58500000,1572.70800000,1627266059999,22960.34354100,153,687.31000000,10038.52818100,0
2021-07-25 19:21:59.999,1627266060000,14.58800000,14.63600000,14.58800000,14.61900000,1980.85600000,1627266119999,28928.34156100,43,1667.08100000,24343.19999300,0
2021-07-25 19:22:59.999,1627266120000,14.63700000,14.66600000,14.63700000,14.66400000,1554.24800000,1627266179999,22775.99241300,70,1205.27700000,17663.24230100,0
2021-07-25 19:23:59.999,1627266180000,14.66700000,14.66900000,14.63000000,14.64700000,1327.37600000,1627266239999,19444.65086800,53,528.24400000,7736.15246600,0
2021-07-25 19:24:59.999,1627266240000,14.64900000,14.64900000,14.63500000,14.64300000,134.54000000,1627266299999,1969.63736800,9,49.12000000,719.11438800,0
2021-07-25 19:25:59.999,1627266300000,14.63900000,14.66000000,14.59200000,14.66000000,6207.06400000,1627266359999,90745.28912500,133,1993.53400000,29169.42122300,0
2021-07-25 19:26:59.999,1627266360000,14.66200000,14.66200000,14.64200000,14.66200000,280.99800000,1627266419999,4119.34103500,15,254.46600000,3730.46101300,0
2021-07-25 19:27:59.999,1627266420000,14.66300000,14.71000000,14.66300000,14.70300000,2383.56300000,1627266479999,34990.87733600,123,1661.56500000,24392.36389300,0
2021-07-25 19:28:59.999,1627266480000,14.71100000,14.72600000,14.67000000,14.68600000,1382.55600000,1627266539999,20312.02515500,94,754.52500000,11084.68092300,0
2021-07-25 19:29:59.999,1627266540000,14.67900000,14.70100000,14.66500000,14.66500000,962.70000000,1627266599999,14140.32791500,31,610.05000000,8964.43768700,0
2021-07-25 19:30:59.999,1627266600000,14.66500000,14.69300000,14.65500000,14.69100000,301.59300000,1627266659999,4426.49817700,16,219.13500000,3217.31697300,0
2021-07-25 19:31:59.999,1627266660000,14.69300000,14.97400000,14.69300000,14.96900000,31895.13800000,1627266719999,473054.78001300,1452,26299.20800000,389851.25068300,0
2021-07-25 19:32:59.999,1627266720000,14.95200000,14.98800000,14.89900000,14.90000000,5526.29000000,1627266779999,82609.20076900,299,2175.87700000,32557.59864700,0
2021-07-25 19:33:59.999,1627266780000,14.91100000,14.92200000,14.85700000,14.85700000,3275.55200000,1627266839999,48828.31511500,163,735.45100000,10969.27818400,0
2021-07-25 19:34:59.999,1627266840000,14.85600000,14.92100000,14.82000000,14.92100000,3700.90800000,1627266899999,54974.24580000,251,2527.78300000,37573.57509600,0
2021-07-25 19:35:59.999,1627266900000,14.92200000,14.93400000,14.88500000,14.91300000,1326.59400000,1627266959999,19788.40789500,77,806.62700000,12034.46844800,0
2021-07-25 19:36:59.999,1627266960000,14.91400000,14.94400000,14.89000000,14.89000000,3605.19000000,1627267019999,53794.58342300,138,2179.13500000,32526.48119500,0
2021-07-25 19:37:59.999,1627267020000,14.89200000,14.97400000,14.87200000,14.94600000,8156.60100000,1627267079999,121819.24146200,222,6129.21100000,91517.36832700,0
2021-07-25 19:38:59.999,1627267080000,14.94500000,14.98700000,14.94500000,14.97700000,1652.90400000,1627267139999,24736.09535400,78,1306.73000000,19554.29029400,0
2021-07-25 19:39:59.999,1627267140000,14.97300000,14.97300000,14.92900000,14.96900000,389.70100000,1627267199999,5829.09160600,38,189.33300000,2831.93846600,0
2021-07-25 19:40:59.999,1627267200000,14.95400000,14.95400000,14.86400000,14.88200000,927.23600000,1627267259999,13806.67031500,115,198.24300000,2950.53400600,0
2021-07-25 19:41:59.999,1627267260000,14.87200000,14.88100000,14.86000000,14.88100000,1449.55200000,1627267319999,21554.22932200,43,879.23400000,13075.16844700,0
2021-07-25 19:42:59.999,1627267320000,14.87300000,14.96900000,14.86300000,14.91500000,20620.54800000,1627267379999,308201.79760400,177,7701.19300000,114886.08670700,0
2021-07-25 19:43:59.999,1627267380000,14.91200000,14.92900000,14.87700000,14.87800000,1266.93400000,1627267439999,18876.56732000,52,138.97700000,2073.33149500,0
2021-07-25 19:44:59.999,1627267440000,14.87900000,14.91800000,14.87800000,14.91200000,757.98100000,1627267499999,11291.96835300,34,657.91000000,9801.72453400,0
2021-07-25 19:45:59.999,1627267500000,14.90100000,14.91300000,14.79800000,14.79800000,3243.52100000,1627267559999,48187.33200400,241,692.97300000,10314.92254300,0
2021-07-25 19:46:59.999,1627267560000,14.80200000,14.86800000,14.80200000,14.86600000,1095.63600000,1627267619999,16270.20898700,39,497.36700000,7384.95097900,0
2021-07-25 19:47:59.999,1627267620000,14.87100000,14.90000000,14.85300000,14.85300000,522.47600000,1627267679999,7775.81901800,56,269.34000000,4008.77053800,0
2021-07-25 19:48:59.999,1627267680000,14.85400000,14.85700000,14.83100000,14.83700000,780.96500000,1627267739999,11590.62645800,21,259.14500000,3845.04326500,0
2021-07-25 19:49:59.999,1627267740000,14.82900000,14.85100000,14.82700000,14.83100000,2389.32500000,1627267799999,35448.31812500,41,2176.96700000,32298.19026100,0
2021-07-25 19:50:59.999,1627267800000,14.82300000,14.87500000,14.82000000,14.86600000,4771.19300000,1627267859999,70741.14050900,21,4661.12300000,69105.03930400,0
2021-07-25 19:51:59.999,1627267860000,14.86200000,14.86200000,14.80400000,14.80400000,760.13500000,1627267919999,11275.21235400,52,113.14300000,1675.88531800,0
2021-07-25 19:52:59.999,1627267920000,14.80300000,14.82700000,14.79200000,14.81200000,745.94700000,1627267979999,11049.74667600,56,664.77400000,9848.32042500,0
2021-07-25 19:53:59.999,1627267980000,14.81200000,14.86700000,14.81200000,14.84800000,705.94200000,1627268039999,10480.41859500,29,421.73000000,6262.35763100,0
2021-07-25 19:54:59.999,1627268040000,14.84600000,14.84600000,14.80500000,14.81900000,901.87600000,1627268099999,13365.67378100,33,120.89500000,1791.50199500,0
2021-07-25 19:55:59.999,1627268100000,14.82000000,14.83900000,14.75700000,14.75900000,1340.81200000,1627268159999,19833.75690400,131,512.36400000,7590.37837000,0
2021-07-25 19:56:59.999,1627268160000,14.76800000,14.81000000,14.74100000,14.81000000,1576.11600000,1627268219999,23291.67921800,101,844.87100000,12498.02795500,0
2021-07-25 19:57:59.999,1627268220000,14.80300000,14.80300000,14.76200000,14.77000000,844.03000000,1627268279999,12476.86282100,34,22.28900000,329.35246500,0
2021-07-25 19:58:59.999,1627268280000,14.76900000,14.76900000,14.71800000,14.71800000,1934.26900000,1627268339999,28515.15297400,109,228.14500000,3365.20872700,0
2021-07-25 19:59:59.999,1627268340000,14.71800000,14.74500000,14.71700000,14.73500000,948.13600000,1627268399999,13961.91128100,29,490.91300000,7226.73463400,0
2021-07-25 20:00:59.999,1627268400000,14.73000000,14.81000000,14.72700000,14.79800000,1781.54100000,1627268459999,26331.66068500,86,1244.26300000,18397.69263500,0
2021-07-25 20:01:59.999,1627268460000,14.78100000,14.78100000,14.73800000,14.74100000,1397.10900000,1627268519999,20615.84372400,41,386.50100000,5700.50441200,0
2021-07-25 20:02:59.999,1627268520000,14.73700000,14.78200000,14.71100000,14.76000000,2660.50000000,1627268579999,39237.19118500,112,1193.67800000,17601.81204700,0
2021-07-25 20:03:59.999,1627268580000,14.75700000,14.78100000,14.72200000,14.73400000,1703.67400000,1627268639999,25120.88955300,62,942.48500000,13902.62497500,0
2021-07-25 20:04:59.999,1627268640000,14.73500000,14.74900000,14.71400000,14.71400000,1795.72500000,1627268699999,26456.74285700,42,562.46800000,8293.35529600,0
2021-07-25 20:05:59.999,1627268700000,14.72000000,14.74200000,14.67000000,14.67800000,4990.18900000,1627268759999,73371.49018800,183,676.81600000,9958.83260500,0
2021-07-25 20:06:59.999,1627268760000,14.67500000,14.70200000,14.66000000,14.70200000,1379.84500000,1627268819999,20262.25991000,73,1117.66400000,16415.29722100,0
2021-07-25 20:07:59.999,1627268820000,14.69300000,14.74500000,14.68800000,14.74400000,1332.36900000,1627268879999,19614.34440200,61,535.13200000,7875.70306100,0
2021-07-25 20:08:59.999,1627268880000,14.73300000,14.74800000,14.71800000,14.73100000,1712.59700000,1627268939999,25228.05664900,45,1292.00700000,19033.55726400,0
2021-07-25 20:09:59.999,1627268940000,14.72400000,14.74800000,14.72100000,14.73900000,652.46600000,1627268999999,9613.61301200,26,296.25700000,4365.56183900,0
2021-07-25 20:10:59.999,1627269000000,14.74100000,14.75600000,14.69900000,14.71900000,2722.20000000,1627269059999,40105.57525300,95,1065.30400000,15699.68109500,0
2021-07-25 20:11:59.999,1627269060000,14.71800000,14.74000000,14.69100000,14.69500000,1501.87600000,1627269119999,22101.15660800,67,680.69000000,10019.15006200,0
2021-07-25 20:12:59.999,1627269120000,14.70000000,14.71700000,14.67800000,14.71700000,805.72900000,1627269179999,11838.20730600,37,440.50900000,6475.84019800,0
2021-07-25 20:13:59.999,1627269180000,14.71400000,14.73300000,14.69800000,14.72800000,1833.75300000,1627269239999,26992.30717600,36,1356.86000000,19973.21806300,0
2021-07-25 20:14:59.999,1627269240000,14.72500000,14.72800000,14.72000000,14.72500000,463.52000000,1627269299999,6824.90499300,19,116.78900000,1719.91999200,0
2021-07-25 20:15:59.999,1627269300000,14.72500000,14.75800000,14.72300000,14.72300000,1820.15700000,1627269359999,26829.87281100,70,1279.71700000,18866.99019700,0
2021-07-25 20:16:59.999,1627269360000,14.72100000,14.72800000,14.69300000,14.72800000,2115.93500000,1627269419999,31121.63595000,38,70.55600000,1039.05981000,0
2021-07-25 20:17:59.999,1627269420000,14.72500000,14.75000000,14.72100000,14.74800000,1987.91200000,1627269479999,29297.39299100,67,1550.99700000,22859.33090200,0
2021-07-25 20:18:59.999,1627269480000,14.74400000,14.79600000,14.73700000,14.79600000,1429.31500000,1627269539999,21099.97486900,122,1003.60700000,14820.62447400,0
2021-07-25 20:19:59.999,1627269540000,14.79400000,14.83600000,14.79300000,14.82900000,2526.69100000,1627269599999,37440.68944900,165,1171.20600000,17350.67872100,0
2021-07-25 20:20:59.999,1627269600000,14.82500000,14.83500000,14.81700000,14.82500000,675.91800000,1627269659999,10019.80610400,32,268.43900000,3980.34546700,0
2021-07-25 20:21:59.999,1627269660000,14.82500000,14.90500000,14.82500000,14.85700000,4403.81800000,1627269719999,65489.96045900,286,3479.26900000,51737.27645200,0
2021-07-25 20:22:59.999,1627269720000,14.85700000,14.86500000,14.81300000,14.84900000,2201.54400000,1627269779999,32661.42523800,73,887.18500000,13167.73228000,0
2021-07-25 20:23:59.999,1627269780000,14.84800000,14.87000000,14.82800000,14.87000000,1437.28700000,1627269839999,21341.38045800,72,579.55000000,8603.18249200,0
2021-07-25 20:24:59.999,1627269840000,14.85400000,14.87900000,14.84900000,14.84900000,566.71000000,1627269899999,8421.70664700,36,104.94900000,1560.41754400,0
2021-07-25 20:25:59.999,1627269900000,14.84700000,14.86200000,14.84000000,14.84600000,793.38000000,1627269959999,11780.63280300,25,277.62900000,4123.49307500,0
2021-07-25 20:26:59.999,1627269960000,14.85800000,14.87100000,14.84700000,14.85700000,1009.85900000,1627270019999,15002.85560600,40,443.46400000,6590.18627400,0
2021-07-25 20:27:59.999,1627270020000,14.85300000,14.85600000,14.81600000,14.83300000,1015.46500000,1627270079999,15059.70789300,43,218.66300000,3241.23937400,0
2021-07-25 20:28:59.999,1627270080000,14.82500000,14.85500000,14.82200000,14.85500000,1043.14700000,1627270139999,15477.80823200,32,298.35600000,4428.15912400,0
2021-07-25 20:29:59.999,1627270140000,14.85100000,14.85500000,14.80800000,14.83000000,1834.12900000,1627270199999,27200.59004500,42,327.19600000,4856.05679200,0
2021-07-25 20:30:59.999,1627270200000,14.82700000,14.84700000,14.80500000,14.81000000,1092.21000000,1627270259999,16183.63760400,41,578.97400000,8580.38552900,0
2021-07-25 20:31:59.999,1627270260000,14.81000000,14.85200000,14.81000000,14.85200000,775.62500000,1627270319999,11500.61951400,34,306.01300000,4539.92301400,0
2021-07-25 20:32:59.999,1627270320000,14.85600000,14.87200000,14.84700000,14.84700000,1059.67300000,1627270379999,15741.25205300,42,175.67900000,2610.76322700,0
2021-07-25 20:33:59.999,1627270380000,14.84400000,14.85000000,14.80900000,14.81600000,1525.40300000,1627270439999,22612.93584400,60,741.02200000,10984.47312800,0
2021-07-25 20:34:59.999,1627270440000,14.81600000,14.82200000,14.77900000,14.80900000,3111.27100000,1627270499999,46044.03183600,173,1071.17000000,15847.42040100,0
2021-07-25 20:35:59.999,1627270500000,14.81200000,14.82700000,14.79000000,14.79800000,684.96900000,1627270559999,10146.59738500,47,133.79100000,1982.04621000,0
2021-07-25 20:36:59.999,1627270560000,14.79500000,14.79800000,14.78400000,14.79500000,887.31300000,1627270619999,13124.54266600,38,538.19900000,7960.64153100,0
2021-07-25 20:37:59.999,1627270620000,14.79800000,14.82800000,14.79800000,14.82200000,1024.41800000,1627270679999,15174.06055300,34,743.67000000,11015.70714600,0
2021-07-25 20:38:59.999,1627270680000,14.82200000,14.85300000,14.80900000,14.85300000,402.03400000,1627270739999,5964.17219000,28,133.03500000,1974.08564300,0
2021-07-25 20:39:59.999,1627270740000,14.84800000,14.84800000,14.81100000,14.81100000,3000.08900000,1627270799999,44517.79548600,43,1051.24700000,15597.23234900,0
2021-07-25 20:40:59.999,1627270800000,14.81100000,14.81100000,14.77000000,14.77000000,916.66300000,1627270859999,13557.39655000,65,381.08100000,5636.86392500,0
2021-07-25 20:41:59.999,1627270860000,14.77300000,14.81200000,14.77300000,14.80700000,589.96800000,1627270919999,8727.43885800,19,287.99000000,4258.65992400,0
2021-07-25 20:42:59.999,1627270920000,14.80600000,14.80600000,14.77400000,14.78700000,1594.18100000,1627270979999,23575.67203400,49,1214.50900000,17961.59797600,0
2021-07-25 20:43:59.999,1627270980000,14.78300000,14.83200000,14.77500000,14.80100000,1714.70700000,1627271039999,25386.03673900,70,1191.32300000,17640.32259500,0
2021-07-25 20:44:59.999,1627271040000,14.79600000,14.85100000,14.79200000,14.84800000,1538.71400000,1627271099999,22817.51949200,48,497.98000000,7386.29295600,0
2021-07-25 20:45:59.999,1627271100000,14.84600000,14.87000000,14.81500000,14.81500000,1465.33000000,1627271159999,21754.85179300,90,513.56700000,7626.68296100,0
2021-07-25 20:46:59.999,1627271160000,14.82100000,14.83200000,14.80700000,14.80700000,355.72300000,1627271219999,5271.28741300,27,95.39400000,1414.29580600,0
2021-07-25 20:47:59.999,1627271220000,14.81700000,14.83400000,14.80900000,14.80900000,433.23600000,1627271279999,6421.25358000,29,210.36700000,3117.76188800,0
2021-07-25 20:48:59.999,1627271280000,14.81400000,14.82200000,14.81300000,14.81900000,454.76300000,1627271339999,6738.80452100,17,103.00100000,1526.62181500,0
2021-07-25 20:49:59.999,1627271340000,14.82100000,14.83900000,14.80600000,14.80600000,899.74500000,1627271399999,13333.16080800,32,214.38300000,3178.45060200,0
2021-07-25 20:50:59.999,1627271400000,14.80700000,14.88200000,14.80700000,14.84500000,2001.30000000,1627271459999,29714.56685100,90,1209.45700000,17954.20438100,0
2021-07-25 20:51:59.999,1627271460000,14.84500000,14.86400000,14.83900000,14.86400000,844.89700000,1627271519999,12544.40338400,23,458.64400000,6809.98838700,0
2021-07-25 20:52:59.999,1627271520000,14.85700000,14.85900000,14.84700000,14.85100000,385.19600000,1627271579999,5721.65708700,16,242.80900000,3606.86170300,0
2021-07-25 20:53:59.999,1627271580000,14.85300000,14.85300000,14.84200000,14.85000000,765.58700000,1627271639999,11368.28096200,21,85.83200000,1274.65843200,0
2021-07-25 20:54:59.999,1627271640000,14.84800000,14.84800000,14.79200000,14.81200000,1853.94700000,1627271699999,27473.40044400,66,369.24300000,5473.54934100,0
2021-07-25 20:55:59.999,1627271700000,14.80600000,14.82000000,14.79700000,14.80800000,369.76600000,1627271759999,5475.91078600,20,183.66900000,2720.47609200,0
2021-07-25 20:56:59.999,1627271760000,14.80500000,14.80600000,14.77200000,14.77500000,907.99900000,1627271819999,13425.90049600,54,212.46900000,3142.08416600,0
2021-07-25 20:57:59.999,1627271820000,14.78000000,14.79900000,14.75600000,14.79900000,276.82100000,1627271879999,4088.48069000,42,108.94400000,1609.52712700,0
2021-07-25 20:58:59.999,1627271880000,14.80300000,14.84200000,14.80000000,14.84200000,644.31400000,1627271939999,9553.84902500,47,287.90500000,4268.94690900,0
2021-07-25 20:59:59.999,1627271940000,14.84200000,14.86500000,14.83700000,14.84900000,2732.34700000,1627271999999,40568.85600200,90,2120.78400000,31486.43005700,0
2021-07-25 21:00:59.999,1627272000000,14.84400000,14.92800000,14.82500000,14.90700000,3926.43400000,1627272059999,58486.10357400,241,3374.30700000,50275.99134200,0
2021-07-25 21:01:59.999,1627272060000,14.90200000,14.95600000,14.90000000,14.94500000,1879.23900000,1627272119999,28061.87746700,166,1098.64300000,16412.06177000,0
2021-07-25 21:02:59.999,1627272120000,14.94500000,14.96300000,14.93900000,14.96100000,1216.78000000,1627272179999,18191.95770100,66,312.75200000,4677.66070600,0
2021-07-25 21:03:59.999,1627272180000,14.94900000,14.98300000,14.93200000,14.93600000,1554.57100000,1627272239999,23234.26403000,99,592.92900000,8868.79791600,0
2021-07-25 21:04:59.999,1627272240000,14.93400000,14.93400000,14.90500000,14.90500000,1094.05200000,1627272299999,16315.22999200,57,93.40400000,1393.21387000,0
2021-07-25 21:05:59.999,1627272300000,14.90100000,14.90900000,14.85500000,14.86600000,1546.03600000,1627272359999,22991.73793500,138,727.13700000,10816.05093300,0
2021-07-25 21:06:59.999,1627272360000,14.86300000,14.89800000,14.86300000,14.88300000,490.34900000,1627272419999,7301.17597000,26,56.98100000,847.89979200,0
2021-07-25 21:07:59.999,1627272420000,14.87900000,14.88900000,14.85600000,14.85600000,580.95400000,1627272479999,8643.57957200,27,151.49600000,2254.83999200,0
2021-07-25 21:08:59.999,1627272480000,14.86300000,14.86300000,14.80000000,14.83600000,4393.40200000,1627272539999,65164.36586700,213,2883.05200000,42769.02067100,0
2021-07-25 21:09:59.999,1627272540000,14.83100000,14.85400000,14.82400000,14.83800000,879.58600000,1627272599999,13055.96753200,35,325.74600000,4836.10292600,0
2021-07-25 21:10:59.999,1627272600000,14.83400000,14.88000000,14.83400000,14.88000000,606.80500000,1627272659999,9015.32794600,22,561.88400000,8348.23559000,0
2021-07-25 21:11:59.999,1627272660000,14.88300000,14.89400000,14.83500000,14.84100000,675.42000000,1627272719999,10037.14860700,54,202.82800000,3013.31659100,0
2021-07-25 21:12:59.999,1627272720000,14.84400000,14.87700000,14.84400000,14.86700000,141.14800000,1627272779999,2098.65799200,14,28.35900000,421.37322200,0
2021-07-25 21:13:59.999,1627272780000,14.86900000,14.86900000,14.84900000,14.85800000,732.76000000,1627272839999,10887.62499300,14,657.86000000,9775.10867100,0
2021-07-25 21:14:59.999,1627272840000,14.87700000,14.90000000,14.86500000,14.90000000,1509.25400000,1627272899999,22462.15301200,62,1240.05000000,18457.22626700,0
2021-07-25 21:15:59.999,1627272900000,14.89900000,14.90000000,14.86800000,14.89300000,642.55700000,1627272959999,9570.16051000,33,501.04600000,7464.38957800,0
2021-07-25 21:16:59.999,1627272960000,14.89400000,14.90000000,14.82600000,14.84300000,1504.34800000,1627273019999,22367.41587900,44,151.48500000,2253.61019200,0
2021-07-25 21:17:59.999,1627273020000,14.86300000,14.91100000,14.86300000,14.91100000,2479.21700000,1627273079999,36929.75185700,56,2141.97000000,31908.73944100,0
2021-07-25 21:18:59.999,1627273080000,14.91100000,14.92500000,14.89300000,14.92500000,745.69900000,1627273139999,11116.79198800,57,672.39000000,10023.27522100,0
2021-07-25 21:19:59.999,1627273140000,14.92700000,15.00000000,14.92700000,14.98000000,5772.67500000,1627273199999,86466.94122300,328,4283.88500000,64171.47800300,0
2021-07-25 21:20:59.999,1627273200000,14.97700000,15.00000000,14.97100000,14.98600000,1790.82500000,1627273259999,26846.89543100,48,1061.70700000,15918.63869800,0
2021-07-25 21:21:59.999,1627273260000,14.99100000,14.99500000,14.97400000,14.98900000,307.43500000,1627273319999,4607.84983300,15,108.12000000,1620.75732900,0
2021-07-25 21:22:59.999,1627273320000,14.98700000,14.99300000,14.95000000,14.96900000,1233.90400000,1627273379999,18468.70129500,46,564.70900000,8449.61898700,0
2021-07-25 21:23:59.999,1627273380000,14.97100000,14.97800000,14.96500000,14.97000000,829.14500000,1627273439999,12411.85539000,26,320.53400000,4798.19339200,0
2021-07-25 21:24:59.999,1627273440000,14.97200000,15.01000000,14.97200000,15.00800000,2963.89500000,1627273499999,44447.18951100,116,2552.98000000,38281.27735400,0
2021-07-25 21:25:59.999,1627273500000,15.00600000,15.00600000,14.95800000,14.95900000,295.20400000,1627273559999,4424.14013200,33,32.61000000,489.02236200,0
2021-07-25 21:26:59.999,1627273560000,14.96600000,14.96700000,14.91500000,14.91500000,1485.82000000,1627273619999,22200.65133600,92,254.89500000,3811.86497600,0
2021-07-25 21:27:59.999,1627273620000,14.91400000,14.94100000,14.89000000,14.92800000,4213.93300000,1627273679999,62859.07230000,151,1573.40200000,23474.44902700,0
2021-07-25 21:28:59.999,1627273680000,14.93200000,14.94100000,14.91800000,14.91800000,1234.24700000,1627273739999,18432.02367400,29,658.25000000,9834.29167000,0
2021-07-25 21:29:59.999,1627273740000,14.91900000,14.95400000,14.91900000,14.93800000,271.20100000,1627273799999,4051.98467800,16,26.88200000,401.65794200,0
2021-07-25 21:30:59.999,1627273800000,14.93800000,14.95100000,14.87500000,14.95100000,3293.31100000,1627273859999,49086.79010600,129,1891.33600000,28196.17127500,0
2021-07-25 21:31:59.999,1627273860000,14.95500000,14.97500000,14.92100000,14.92100000,1021.93300000,1627273919999,15269.25966600,54,272.92100000,4081.57277600,0
2021-07-25 21:32:59.999,1627273920000,14.91700000,14.92800000,14.90000000,14.90200000,1366.54000000,1627273979999,20380.43340900,32,725.89500000,10826.72380900,0
2021-07-25 21:33:59.999,1627273980000,14.90300000,14.91000000,14.86600000,14.89100000,1593.34400000,1627274039999,23716.59767200,102,102.31200000,1524.06407100,0
2021-07-25 21:34:59.999,1627274040000,14.87500000,14.87500000,14.83100000,14.86200000,1177.13000000,1627274099999,17471.94712400,123,766.70100000,11378.90966700,0
2021-07-25 21:35:59.999,1627274100000,14.85300000,14.88200000,14.85300000,14.88100000,395.37400000,1627274159999,5882.30337600,17,311.92500000,4641.36383700,0
2021-07-25 21:36:59.999,1627274160000,14.88700000,14.92300000,14.88700000,14.90100000,322.79300000,1627274219999,4811.44194000,36,101.52000000,1513.21300400,0
2021-07-25 21:37:59.999,1627274220000,14.91300000,14.92900000,14.86100000,14.86700000,960.93900000,1627274279999,14303.53497400,39,208.30500000,3102.50721800,0
2021-07-25 21:38:59.999,1627274280000,14.87200000,14.97700000,14.87200000,14.95200000,2816.80000000,1627274339999,42083.65843000,179,1928.18500000,28791.53451400,0
2021-07-25 21:39:59.999,1627274340000,14.95200000,14.96700000,14.94800000,14.95400000,1610.99900000,1627274399999,24087.75432700,28,1120.11600000,16747.33639200,0
2021-07-25 21:40:59.999,1627274400000,14.95400000,14.96900000,14.91700000,14.91800000,1718.64000000,1627274459999,25696.20756200,48,482.82700000,7212.92085000,0
2021-07-25 21:41:59.999,1627274460000,14.92000000,14.94200000,14.91700000,14.93400000,524.40200000,1627274519999,7831.91353800,29,364.05900000,5436.73608300,0
2021-07-25 21:42:59.999,1627274520000,14.92700000,14.94300000,14.92100000,14.92800000,338.88900000,1627274579999,5060.54186600,18,78.55600000,1173.51895600,0
2021-07-25 21:43:59.999,1627274580000,14.93100000,14.99400000,14.93000000,14.98700000,1567.03000000,1627274639999,23450.70180000,85,1168.07500000,17480.27260700,0
2021-07-25 21:44:59.999,1627274640000,14.98900000,15.01500000,14.98000000,15.01000000,3571.77400000,1627274699999,53565.45760900,162,2419.27600000,36291.54639800,0
2021-07-25 21:45:59.999,1627274700000,15.00700000,15.04800000,14.97700000,14.99800000,10093.94800000,1627274759999,151631.28783100,356,8147.77000000,122433.16550400,0
2021-07-25 21:46:59.999,1627274760000,14.99100000,15.03100000,14.94000000,15.02100000,6816.83800000,1627274819999,102123.94701400,140,1080.52300000,16187.28351200,0
2021-07-25 21:47:59.999,1627274820000,15.01500000,15.01500000,14.97700000,15.00400000,2391.02500000,1627274879999,35848.01871900,85,868.24700000,13015.76858400,0
2021-07-25 21:48:59.999,1627274880000,15.00900000,15.06300000,15.00900000,15.04000000,3481.94300000,1627274939999,52361.71724900,197,2723.76000000,40959.71295000,0
2021-07-25 21:49:59.999,1627274940000,15.04800000,15.04800000,15.00000000,15.02200000,1365.99000000,1627274999999,20520.39735100,64,544.79300000,8184.92981100,0
2021-07-25 21:50:59.999,1627275000000,15.02600000,15.06400000,14.95600000,14.96400000,3960.30000000,1627275059999,59441.59847800,178,1768.28700000,26572.67770500,0
2021-07-25 21:51:59.999,1627275060000,14.96800000,14.97700000,14.93000000,14.96700000,1686.15000000,1627275119999,25206.31800400,112,694.07900000,10382.78877400,0
2021-07-25 21:52:59.999,1627275120000,14.97700000,15.01200000,14.95500000,14.96200000,1523.85400000,1627275179999,22844.36406200,60,1182.63700000,17729.72230100,0
2021-07-25 21:53:59.999,1627275180000,14.95600000,14.97500000,14.94800000,14.96700000,837.00600000,1627275239999,12518.84952200,37,583.45400000,8726.01826600,0
2021-07-25 21:54:59.999,1627275240000,14.96300000,14.96800000,14.93800000,14.96800000,1624.47300000,1627275299999,24295.99712900,53,914.50200000,13681.30268500,0
2021-07-25 21:55:59.999,1627275300000,14.96700000,14.98800000,14.96700000,14.97100000,1070.65200000,1627275359999,16035.19705300,38,604.97000000,9058.85984200,0
2021-07-25 21:56:59.999,1627275360000,14.96800000,14.97900000,14.91000000,14.91000000,2160.08400000,1627275419999,32273.38403400,133,533.89900000,7972.26713100,0
2021-07-25 21:57:59.999,1627275420000,14.91700000,14.94800000,14.91700000,14.93600000,652.23100000,1627275479999,9740.69039100,24,383.77100000,5732.66866600,0
2021-07-25 21:58:59.999,1627275480000,14.92500000,14.92500000,14.87700000,14.90600000,1482.10500000,1627275539999,22070.36758100,132,323.80500000,4822.58167200,0
2021-07-25 21:59:59.999,1627275540000,14.91300000,14.92500000,14.88000000,14.88700000,1007.49500000,1627275599999,15012.08710600,40,503.04000000,7490.34569200,0
2021-07-25 22:00:59.999,1627275600000,14.88500000,14.91300000,14.88500000,14.90300000,651.44800000,1627275659999,9706.43537700,21,455.79700000,6790.30396400,0
2021-07-25 22:01:59.999,1627275660000,14.92500000,15.01000000,14.92500000,14.99000000,7161.30500000,1627275719999,107108.83581200,161,6301.19700000,94222.39383500,0
2021-07-25 22:02:59.999,1627275720000,14.99600000,14.99600000,14.94000000,14.94000000,1419.93900000,1627275779999,21272.48155900,40,237.92000000,3562.96767800,0
2021-07-25 22:03:59.999,1627275780000,14.93900000,14.96300000,14.91600000,14.92200000,626.62800000,1627275839999,9363.29610700,51,445.88200000,6663.88739300,0
2021-07-25 22:04:59.999,1627275840000,14.93800000,14.94400000,14.89200000,14.89800000,6397.10900000,1627275899999,95338.68827300,78,830.78000000,12396.81999400,0
2021-07-25 22:05:59.999,1627275900000,14.90000000,14.90800000,14.87500000,14.88700000,1004.10400000,1627275959999,14947.73923300,64,223.74900000,3332.16453600,0
2021-07-25 22:06:59.999,1627275960000,14.89200000,14.90000000,14.86000000,14.86000000,3283.48400000,1627276019999,48887.12958800,96,1150.89100000,17147.54966200,0
2021-07-25 22:07:59.999,1627276020000,14.88600000,14.90100000,14.85000000,14.85000000,1749.59600000,1627276079999,26031.08706100,81,928.63000000,13818.51188300,0
2021-07-25 22:08:59.999,1627276080000,14.84900000,14.86600000,14.83600000,14.84100000,2613.27200000,1627276139999,38801.71056100,86,1560.03200000,23165.58898400,0
2021-07-25 22:09:59.999,1627276140000,14.84700000,14.88600000,14.84700000,14.87400000,1442.08700000,1627276199999,21439.73472700,43,1267.41700000,18843.34470800,0
2021-07-25 22:10:59.999,1627276200000,14.87100000,14.90800000,14.84100000,14.85500000,4180.80600000,1627276259999,62244.68335100,67,3455.74200000,51465.82282300,0
2021-07-25 22:11:59.999,1627276260000,14.86100000,14.88100000,14.85200000,14.85200000,1924.29900000,1627276319999,28606.36121800,29,1412.70900000,21006.08607600,0
2021-07-25 22:12:59.999,1627276320000,14.85400000,14.87300000,14.85300000,14.86800000,685.42900000,1627276379999,10187.06273800,25,414.08500000,6154.59671000,0
2021-07-25 22:13:59.999,1627276380000,14.86100000,14.86200000,14.84200000,14.84200000,770.35000000,1627276439999,11438.04368100,16,63.77600000,947.37011200,0
2021-07-25 22:14:59.999,1627276440000,14.84100000,14.86800000,14.84100000,14.86800000,894.08400000,1627276499999,13278.39671800,26,712.51400000,10581.85102800,0
2021-07-25 22:15:59.999,1627276500000,14.86700000,14.90000000,14.86700000,14.90000000,662.26000000,1627276559999,9857.12864200,28,464.26600000,6911.52943700,0
2021-07-25 22:16:59.999,1627276560000,14.89600000,14.90500000,14.85600000,14.85600000,781.42300000,1627276619999,11628.68633700,34,189.91200000,2824.73895400,0
2021-07-25 22:17:59.999,1627276620000,14.85200000,14.85700000,14.80700000,14.82300000,2293.85900000,1627276679999,34014.09030000,138,352.46800000,5227.17548400,0
2021-07-25 22:18:59.999,1627276680000,14.83100000,14.90400000,14.83100000,14.87500000,535.92800000,1627276739999,7971.58295300,56,369.90800000,5501.63883300,0
2021-07-25 22:19:59.999,1627276740000,14.87200000,14.87500000,14.84800000,14.85100000,121.80400000,1627276799999,1809.12624000,13,88.91700000,1320.53191800,0
2021-07-25 22:20:59.999,1627276800000,14.84700000,14.91700000,14.84700000,14.91700000,2436.36900000,1627276859999,36267.95475100,101,2164.09400000,32215.03387400,0
2021-07-25 22:21:59.999,1627276860000,14.91700000,14.91700000,14.89800000,14.90300000,1954.51300000,1627276919999,29135.87198400,65,465.01700000,6931.56071700,0
2021-07-25 22:22:59.999,1627276920000,14.90000000,14.91100000,14.89800000,14.90100000,363.48500000,1627276979999,5418.96941100,13,39.58700000,590.20258300,0
2021-07-25 22:23:59.999,1627276980000,14.91700000,14.93400000,14.91700000,14.91900000,357.16600000,1627277039999,5331.57158900,56,214.61700000,3204.06750600,0
2021-07-25 22:24:59.999,1627277040000,14.91900000,14.92700000,14.88200000,14.92700000,1544.37200000,1627277099999,23018.53905100,49,544.19800000,8109.72479700,0
2021-07-25 22:25:59.999,1627277100000,14.92300000,14.92300000,14.87900000,14.88700000,884.77300000,1627277159999,13185.52821300,34,366.25500000,5458.73658700,0
2021-07-25 22:26:59.999,1627277160000,14.88500000,14.92400000,14.85700000,14.92400000,3372.50500000,1627277219999,50198.34337000,73,2313.90600000,34455.57760200,0
